FT_STATUS,UTR_NUMBER,ID,REMARKS,FT_INNITIATED_DATE
Success,N264220004015804,a0j8p000001x2fK,Paid,2022-09-23T11:32:44Z
Success,N264220004015805,a0j8p000001zkiv,Paid,2022-09-23T11:32:44Z
Success,N264220004015802,a0j8p000001yi1w,Paid,2022-09-23T11:32:44Z
Success,N264220004016124,a0j8p000001yhyI,Paid,2022-09-23T11:32:44Z
Success,N264220004015807,a0j8p000001yopR,Paid,2022-09-23T11:32:44Z
Success,N264220004016122,a0j8p000001ze1K,Paid,2022-09-23T11:32:44Z
Success,N264220004016083,a0j8p000001yWAr,Paid,2022-09-23T11:32:44Z
Success,N264220004015849,a0j8p000001yWTR,Paid,2022-09-23T11:32:44Z
Success,N264220004016008,a0j8p000001zXEI,Paid,2022-09-23T11:32:44Z
Success,N264220004016164,a0j8p000001ydwW,Paid,2022-09-23T11:32:44Z
Success,N264220004016031,a0j8p000001yj7P,Paid,2022-09-23T11:32:44Z
Success,N264220004015999,a0j8p000001zdpy,Paid,2022-09-23T11:32:44Z
Success,N264220004015946,a0j8p000001zZe4,Paid,2022-09-23T11:32:44Z
Success,N264220004015950,a0j8p000001zlpc,Paid,2022-09-23T11:32:44Z
Success,N264220004016192,a0j8p000001zQG3,Paid,2022-09-23T11:32:44Z
Success,N264220004016130,a0j8p000001zQfO,Paid,2022-09-23T11:32:44Z
Success,N264220004015904,a0j8p000001yd5J,Paid,2022-09-23T11:32:44Z
Success,N264220004015817,a0j8p000001zlED,Paid,2022-09-23T11:32:44Z
Success,N264220004016243,a0j8p000001zsLu,Paid,2022-09-23T11:32:44Z
Success,N264220004016294,a0j8p000001zrwe,Paid,2022-09-23T11:32:44Z
Success,N264220004016190,a0j8p000001zSYB,Paid,2022-09-23T11:32:44Z
Success,N264220004016194,a0j8p000001zslU,Paid,2022-09-23T11:32:44Z
Success,N264220004016305,a0j8p000001zY0v,Paid,2022-09-23T11:32:44Z
Success,N264220004016203,a0j8p000001zYLq,Paid,2022-09-23T11:32:44Z
Success,N264220004015969,a0j8p000001zZOm,Paid,2022-09-23T11:32:44Z
Success,N264220004015913,a0j8p000001zagM,Paid,2022-09-23T11:32:44Z
Success,N264220004015915,a0j8p000001zYxq,Paid,2022-09-23T11:32:44Z
Success,N264220004015847,a0j8p00000204Zw,Paid,2022-09-23T11:32:44Z
Success,N264220004016255,a0j8p000002058R,Paid,2022-09-23T11:32:44Z
Success,N264220004016226,a0j8p00000205Vz,Paid,2022-09-23T11:32:44Z
Success,N264220004015762,a0j8p000001zoU5,Paid,2022-09-23T11:32:44Z
Success,N264220004016156,a0j8p000001zp6e,Paid,2022-09-23T11:32:44Z
Success,N264220004015764,a0j8p000001zoz4,Paid,2022-09-23T11:32:44Z
Success,N264220004015742,a0j8p000001zpCf,Paid,2022-09-23T11:32:44Z
Success,N264220004015767,a0j8p000001zooT,Paid,2022-09-23T11:32:44Z
Success,N264220004015834,a0j8p000001yCCT,Paid,2022-09-23T11:32:44Z
Success,N264220004015833,a0j8p000001yDRM,Paid,2022-09-23T11:32:44Z
Success,N264220004016276,a0j8p000001yAIH,Paid,2022-09-23T11:32:44Z
Success,N264220004015832,a0j8p000001yAaZ,Paid,2022-09-23T11:32:44Z
Success,N264220004015790,a0j8p00000202tS,Paid,2022-09-23T11:32:44Z
Success,N264220004015938,a0j8p000001yTUl,Paid,2022-09-23T11:32:44Z
Success,N264220004015791,a0j8p00000202QG,Paid,2022-09-23T11:32:44Z
Success,N264220004015942,a0j8p00000202Bj,Paid,2022-09-23T11:32:44Z
Success,N264220004015882,a0j8p000001yU8b,Paid,2022-09-23T11:32:44Z
Success,N264220004016127,a0j8p000001ydbH,Paid,2022-09-23T11:32:44Z
Success,N264220004015839,a0j8p000001yaoC,Paid,2022-09-23T11:32:44Z
Success,N264220004016133,a0j8p000001ztZs,Paid,2022-09-23T11:32:44Z
Success,N264220004016176,a0j8p000001zhhg,Paid,2022-09-23T11:32:44Z
Success,N264220004016095,a0j8p000001zgPi,Paid,2022-09-23T11:32:44Z
Success,N264220004016029,a0j8p000001zjco,Paid,2022-09-23T11:32:44Z
Success,N264220004015825,a0j8p000001x16P,Paid,2022-09-23T11:32:44Z
Success,N264220004015891,a0j8p000001zdQn,Paid,2022-09-23T11:32:44Z
Success,N264220004015948,a0j8p000001za80,Paid,2022-09-23T11:32:44Z
Success,N264220004015889,a0j8p000001zWsN,Paid,2022-09-23T11:32:44Z
Success,N264220004016150,a0j8p000001y9oH,Paid,2022-09-23T11:32:44Z
Success,N264220004016242,a0j8p000001zZ0E,Paid,2022-09-23T11:32:44Z
Success,N264220004016009,a0j8p000001zYEX,Paid,2022-09-23T11:32:44Z
Success,N264220004016298,a0j8p000001zYVw,Paid,2022-09-23T11:32:44Z
Success,N264220004015786,a0j8p000001zutd,Paid,2022-09-23T11:32:44Z
Success,N264220004016300,a0j8p000001zv9h,Paid,2022-09-23T11:32:44Z
Success,N264220004015959,a0j8p000001yaad,Paid,2022-09-23T11:32:44Z
Success,N264220004016025,a0j8p000001ynw6,Paid,2022-09-23T11:32:44Z
Success,N264220004016230,a0j8p000001zjfk,Paid,2022-09-23T11:32:44Z
Success,N264220004016183,a0j8p000001zUsO,Paid,2022-09-23T11:32:44Z
Success,N264220004016163,a0j8p000001zYJE,Paid,2022-09-23T11:32:44Z
Success,N264220004015922,a0j8p000001zRqX,Paid,2022-09-23T11:32:44Z
Success,N264220004015900,a0j8p000001yZk1,Paid,2022-09-23T11:32:44Z
Success,N264220004016013,a0j8p000001ybTe,Paid,2022-09-23T11:32:44Z
Success,N264220004016221,a0j8p000001yarD,Paid,2022-09-23T11:32:44Z
Success,N264220004016102,a0j8p000001uxmS,Paid,2022-09-23T11:32:44Z
Success,N264220004016063,a0j8p000001yTSN,Paid,2022-09-23T11:32:44Z
Success,N264220004015964,a0j8p000001zUVm,Paid,2022-09-23T11:32:44Z
Success,N264220004015905,a0j8p000001zYKU,Paid,2022-09-23T11:32:44Z
Success,N264220004015907,a0j8p000001zR75,Paid,2022-09-23T11:32:44Z
Success,N264220004016290,a0j8p000001zPQY,Paid,2022-09-23T11:32:44Z
Success,N264220004016114,a0j8p000001zlRj,Paid,2022-09-23T11:32:44Z
Success,N264220004015861,a0j8p000001zYlG,Paid,2022-09-23T11:32:44Z
Success,N264220004016224,a0j8p000001zqKQ,Paid,2022-09-23T11:32:44Z
Success,N264220004016170,a0j8p000001yhna,Paid,2022-09-23T11:32:44Z
Success,N264220004016146,a0j8p000001ySu1,Paid,2022-09-23T11:32:44Z
Success,N264220004016054,a0j8p000001yTFn,Paid,2022-09-23T11:32:44Z
Success,N264220004015952,a0j8p000001x4S4,Paid,2022-09-23T11:32:44Z
Success,N264220004016141,a0j8p000002048G,Paid,2022-09-23T11:32:44Z
Success,N264220004015756,a0j8p000001zhev,Paid,2022-09-23T11:32:44Z
Success,N264220004016088,a0j8p000001zqCg,Paid,2022-09-23T11:32:44Z
Success,N264220004016299,a0j8p000001zi1A,Paid,2022-09-23T11:32:44Z
Success,N264220004016281,a0j8p00000203It,Paid,2022-09-23T11:32:44Z
Success,N264220004016113,a0j8p00000202UP,Paid,2022-09-23T11:32:44Z
Success,N264220004015818,a0j8p000001zl6V,Paid,2022-09-23T11:32:44Z
Success,N264220004015993,a0j8p000001zkyT,Paid,2022-09-23T11:32:44Z
Success,N264220004015868,a0j8p000001zjJm,Paid,2022-09-23T11:32:44Z
Success,N264220004016076,a0j8p000001zhFc,Paid,2022-09-23T11:32:44Z
Success,N264220004016282,a0j8p000001zdJL,Paid,2022-09-23T11:32:44Z
Success,N264220004016108,a0j8p000001zit8,Paid,2022-09-23T11:32:44Z
Success,N264220004015858,a0j8p000001zkzE,Paid,2022-09-23T11:32:44Z
Success,N264220004016244,a0j8p000001zhET,Paid,2022-09-23T11:32:44Z
Success,N264220004016084,a0j8p000001v1y4,Paid,2022-09-23T11:32:44Z
Success,N264220004015828,a0j8p000001xEOJ,Paid,2022-09-23T11:32:44Z
Success,N264220004015953,a0j8p000001xDvf,Paid,2022-09-23T11:32:44Z
Success,N264220004015826,a0j8p000001xEAA,Paid,2022-09-23T11:32:44Z
Success,N264220004016136,a0j8p000001zuPu,Paid,2022-09-23T11:32:44Z
Success,N264220004016161,a0j8p000001zhxF,Paid,2022-09-23T11:32:44Z
Success,N264220004016135,a0j8p00000200uA,Paid,2022-09-23T11:32:44Z
Success,N264220004016159,a0j8p000001yMga,Paid,2022-09-23T11:32:44Z
Success,N264220004015949,a0j8p000001y6M1,Paid,2022-09-23T11:32:44Z
Success,N264220004016142,a0j8p00000203r2,Paid,2022-09-23T11:32:44Z
Success,N264220004016263,a0j8p000001yaK2,Paid,2022-09-23T11:32:44Z
Success,N264220004015919,a0j8p000001ybrK,Paid,2022-09-23T11:32:44Z
Success,N264220004016275,a0j8p00000203My,Paid,2022-09-23T11:32:44Z
Success,N264220004016293,a0j8p000001v9MQ,Paid,2022-09-23T11:32:44Z
Success,N264220004016195,a0j8p000001v90A,Paid,2022-09-23T11:32:44Z
Success,N264220004016267,a0j8p000001zQsd,Paid,2022-09-23T11:32:44Z
Success,N264220004015992,a0j8p000001zRjB,Paid,2022-09-23T11:32:44Z
Success,N264220004015738,a0j8p000001zqR8,Paid,2022-09-23T11:32:44Z
Success,N264220004016181,a0j8p000001zXqn,Paid,2022-09-23T11:32:44Z
Success,N264220004016228,a0j8p000002010m,Paid,2022-09-23T11:32:44Z
Success,N264220004015947,a0j8p000001zasx,Paid,2022-09-23T11:32:44Z
Success,N264220004016105,a0j8p000001zhEF,Paid,2022-09-23T11:32:44Z
Success,N264220004016180,a0j8p000001zjHb,Paid,2022-09-23T11:32:44Z
Success,N264220004016274,a0j8p000001zjda,Paid,2022-09-23T11:32:44Z
Success,N264220004015893,a0j8p000001zdnN,Paid,2022-09-23T11:32:44Z
Success,N264220004015866,a0j8p000001vJ3b,Paid,2022-09-23T11:32:44Z
Success,N264220004015749,a0j8p000001zlNv,Paid,2022-09-23T11:32:44Z
Success,N264220004016081,a0j8p000001zxWl,Paid,2022-09-23T11:32:44Z
Success,N264220004016160,a0j8p000001znkM,Paid,2022-09-23T11:32:44Z
Success,N264220004016140,a0j8p00000204vj,Paid,2022-09-23T11:32:44Z
Success,N264220004015977,a0j8p00000204PZ,Paid,2022-09-23T11:32:44Z
Success,N264220004016032,a0j8p000001zgkY,Paid,2022-09-23T11:32:44Z
Success,N264220004015917,a0j8p000001zLc0,Paid,2022-09-23T11:32:44Z
Success,N264220004016262,a0j8p000001zM8N,Paid,2022-09-23T11:32:44Z
Success,N264220004015920,a0j8p000001zMLm,Paid,2022-09-23T11:32:44Z
Success,N264220004015918,a0j8p000001zLwv,Paid,2022-09-23T11:32:44Z
Success,N264220004015945,a0j8p000001xvKZ,Paid,2022-09-23T11:32:44Z
Success,N264220004015758,a0j8p000001zi1O,Paid,2022-09-23T11:32:44Z
Success,N264220004016211,a0j8p000001zh0C,Paid,2022-09-23T11:32:44Z
Success,N264220004015986,a0j8p000001zgZp,Paid,2022-09-23T11:32:44Z
Success,N264220004015787,a0j8p000001zx5J,Paid,2022-09-23T11:32:44Z
Success,N264220004015789,a0j8p000001zzGo,Paid,2022-09-23T11:32:44Z
Success,N264220004015788,a0j8p000001zxHv,Paid,2022-09-23T11:32:44Z
Success,N264220004016291,a0j8p000001zvx4,Paid,2022-09-23T11:32:44Z
Success,N264220004016152,a0j8p000001zwpR,Paid,2022-09-23T11:32:44Z
Success,N264220004016266,a0j8p000001zwcm,Paid,2022-09-23T11:32:44Z
Success,N264220004015997,a0j8p000001zz67,Paid,2022-09-23T11:32:44Z
Success,N264220004016277,a0j8p000001yWc1,Paid,2022-09-23T11:32:44Z
Success,N264220004015890,a0j8p000001zZIP,Paid,2022-09-23T11:32:44Z
Success,N264220004016218,a0j8p000001y2Jj,Paid,2022-09-23T11:32:44Z
Success,N264220004016201,a0j8p000001wyQO,Paid,2022-09-23T11:32:44Z
Success,N264220004015963,a0j8p000001zQ0T,Paid,2022-09-23T11:32:44Z
Success,N264220004016257,a0j8p000001zYyv,Paid,2022-09-23T11:32:44Z
Success,N264220004015746,a0j8p000001zoAA,Paid,2022-09-23T11:32:44Z
Success,N264220004015961,a0j8p000001zo0p,Paid,2022-09-23T11:32:44Z
Success,N264220004015860,a0j8p000001zkSV,Paid,2022-09-23T11:32:44Z
Success,N264220004015960,a0j8p000001zaOw,Paid,2022-09-23T11:32:44Z
Success,N264220004016258,a0j8p000001u4rg,Paid,2022-09-23T11:32:44Z
Success,N264220004016302,a0j8p000001yThg,Paid,2022-09-23T11:32:44Z
Success,N264220004015777,a0j8p000001yTZ4,Paid,2022-09-23T11:32:44Z
Success,N264220004016134,a0j8p0000020179,Paid,2022-09-23T11:32:44Z
Success,N264220004015940,a0j8p000001zzpz,Paid,2022-09-23T11:32:44Z
Success,N264220004016279,a0j8p000001zjdM,Paid,2022-09-23T11:32:44Z
Success,N264220004015768,a0j8p000001zqVN,Paid,2022-09-23T11:32:44Z
Success,N264220004016273,a0j8p000001zo72,Paid,2022-09-23T11:32:44Z
Success,N264220004015855,a0j8p000001zqr2,Paid,2022-09-23T11:32:44Z
Success,N264220004015974,a0j8p000001zs9I,Paid,2022-09-23T11:32:44Z
Success,N264220004016215,a0j8p000001zpwn,Paid,2022-09-23T11:32:44Z
Success,N264220004015867,a0j8p000001ziaT,Paid,2022-09-23T11:32:44Z
Success,N264220004015912,a0j8p000001ziro,Paid,2022-09-23T11:32:44Z
Success,N264220004015911,a0j8p000001zf2V,Paid,2022-09-23T11:32:44Z
Success,N264220004016304,a0j8p000001zrYf,Paid,2022-09-23T11:32:44Z
Success,N264220004015856,a0j8p000001zi8k,Paid,2022-09-23T11:32:44Z
Success,N264220004016202,a0j8p000001zf8M,Paid,2022-09-23T11:32:44Z
Success,N264220004016240,a0j8p000001x5Df,Paid,2022-09-23T11:32:44Z
Success,N264220004016098,a0j8p000001xEnr,Paid,2022-09-23T11:32:44Z
Success,N264220004015827,a0j8p000001xExC,Paid,2022-09-23T11:32:44Z
Success,N264220004016137,a0j8p000001zgmB,Paid,2022-09-23T11:32:44Z
Success,N264220004015815,a0j8p000001zZGN,Paid,2022-09-23T11:32:44Z
Success,N264220004015874,a0j8p000001y4jh,Paid,2022-09-23T11:32:44Z
Success,N264220004016097,a0j8p000001y7SP,Paid,2022-09-23T11:32:44Z
Success,N264220004015983,a0j8p00000204hO,Paid,2022-09-23T11:32:44Z
Success,N264220004015811,a0j8p000001zQkj,Paid,2022-09-23T11:32:44Z
Success,N264220004016028,a0j8p000001ybGl,Paid,2022-09-23T11:32:44Z
Success,N264220004015774,a0j8p000001zs9S,Paid,2022-09-23T11:32:44Z
Success,N264220004016174,a0j8p000001yoA5,Paid,2022-09-23T11:32:44Z
Success,N264220004016026,a0j8p000001v9iX,Paid,2022-09-23T11:32:44Z
Success,N264220004016115,a0j8p000001y3eb,Paid,2022-09-23T11:32:44Z
Success,N264220004016171,a0j8p000001zRKY,Paid,2022-09-23T11:32:44Z
Success,N264220004016210,a0j8p000001zgD8,Paid,2022-09-23T11:32:44Z
Success,N264220004016182,a0j8p000001zWWZ,Paid,2022-09-23T11:32:44Z
Success,N264220004016236,a0j8p000001zTXW,Paid,2022-09-23T11:32:44Z
Success,N264220004015972,a0j8p000001ziry,Paid,2022-09-23T11:32:44Z
Success,N264220004015908,a0j8p000001zlZX,Paid,2022-09-23T11:32:44Z
Success,N264220004015909,a0j8p000001zmCb,Paid,2022-09-23T11:32:44Z
Success,N264220004016238,a0j8p000001zkxs,Paid,2022-09-23T11:32:44Z
Success,N264220004015862,a0j8p000001zoqj,Paid,2022-09-23T11:32:44Z
Success,N264220004015784,a0j8p000001zkYU,Paid,2022-09-23T11:32:44Z
Success,N264220004016271,a0j8p000001ydgD,Paid,2022-09-23T11:32:44Z
Success,N264220004015734,a0j8p000001yKSC,Paid,2022-09-23T11:32:44Z
Success,N264220004015803,a0j8p000001x2iU,Paid,2022-09-23T11:32:44Z
Success,N264220004016296,a0j8p000001zkxG,Paid,2022-09-23T11:32:44Z
Success,N264220004015978,a0j8p000001zyC5,Paid,2022-09-23T11:32:44Z
Success,N264220004016153,a0j8p000001zxHG,Paid,2022-09-23T11:32:44Z
Success,N264220004015794,a0j8p000001zyNd,Paid,2022-09-23T11:32:44Z
Rejected,N264220004015980,a0j8p000001zxgn,Blocked Account,2022-09-23T11:32:44Z
Rejected,N264220004015928,a0j8p000001zbnQ,Blocked Account,2022-09-23T11:32:44Z
Success,N264220004015929,a0j8p000001zaES,Paid,2022-09-23T11:32:44Z
Success,N264220004015927,a0j8p000001zZjK,Paid,2022-09-23T11:32:44Z
Success,N264220004016272,a0j8p000001zmVj,Paid,2022-09-23T11:32:44Z
Success,N264220004016012,a0j8p000001zUEt,Paid,2022-09-23T11:32:44Z
Success,N264220004016101,a0j8p000001zVYP,Paid,2022-09-23T11:32:44Z
Success,N264220004015753,a0j8p000001zTDj,Paid,2022-09-23T11:32:44Z
Success,N264220004015944,a0j8p000001xunf,Paid,2022-09-23T11:32:44Z
Success,N264220004015823,a0j8p000001y4u8,Paid,2022-09-23T11:32:44Z
Success,N264220004016222,a0j8p000001y5a8,Paid,2022-09-23T11:32:44Z
Success,N264220004015731,a0j8p000001yY60,Paid,2022-09-23T11:32:44Z
Success,N264220004015910,a0j8p000001zhqg,Paid,2022-09-23T11:32:44Z
Success,N264220004015996,a0j8p000001zzYo,Paid,2022-09-23T11:32:44Z
Success,N264220004016041,a0j8p000001zk5H,Paid,2022-09-23T11:32:44Z
Success,N264220004015821,a0j8p000001y4DL,Paid,2022-09-23T11:32:44Z
Success,N264220004016196,a0j8p000001zeQu,Paid,2022-09-23T11:32:44Z
Success,N264220004015771,a0j8p000001zrUX,Paid,2022-09-23T11:32:44Z
Success,N264220004015995,a0j8p000001zPyN,Paid,2022-09-23T11:32:44Z
Success,N264220004015991,a0j8p000001zZvC,Paid,2022-09-23T11:32:44Z
Success,N264220004016206,a0j8p000001zSEM,Paid,2022-09-23T11:32:44Z
Success,N264220004015814,a0j8p000001zZm9,Paid,2022-09-23T11:32:44Z
Success,N264220004016126,a0j8p000001zZZD,Paid,2022-09-23T11:32:44Z
Success,N264220004016077,a0j8p000001zqo3,Paid,2022-09-23T11:32:44Z
Success,N264220004016172,a0j8p000001zjUi,Paid,2022-09-23T11:32:44Z
Success,N264220004015869,a0j8p000001yNdd,Paid,2022-09-23T11:32:44Z
Success,N264220004015857,a0j8p000001zek2,Paid,2022-09-23T11:32:44Z
Success,N264220004015865,a0j8p000001ydeg,Paid,2022-09-23T11:32:44Z
Success,N264220004016246,a0j8p000001vCLJ,Paid,2022-09-23T11:32:44Z
Success,N264220004015957,a0j8p000001zqVD,Paid,2022-09-23T11:32:44Z
Success,N264220004015982,a0j8p00000203Km,Paid,2022-09-23T11:32:44Z
Success,N264220004015761,a0j8p000001zl5S,Paid,2022-09-23T11:32:44Z
Success,N264220004015863,a0j8p000001v14p,Paid,2022-09-23T11:32:44Z
Success,N264220004016107,a0j8p00000203mH,Paid,2022-09-23T11:32:44Z
Success,N264220004016072,a0j8p000001zdnI,Paid,2022-09-23T11:32:44Z
Success,N264220004015973,a0j8p000001zZrp,Paid,2022-09-23T11:32:44Z
Success,N264220004015792,a0j8p000001zwxf,Paid,2022-09-23T11:32:44Z
Success,N264220004016216,a0j8p000001zx8V,Paid,2022-09-23T11:32:44Z
Rejected,N264220004015981,a0j8p000001zyY7,Blocked Account,2022-09-23T11:32:44Z
Success,N264220004015793,a0j8p000001zwog,Paid,2022-09-23T11:32:44Z
Success,N264220004015926,a0j8p000001zcAt,Paid,2022-09-23T11:32:44Z
Success,N264220004015988,a0j8p000001zhuh,Paid,2022-09-23T11:32:44Z
Success,N264220004015801,a0j8p000001zmLg,Paid,2022-09-23T11:32:44Z
Success,N264220004015951,a0j8p000001zlef,Paid,2022-09-23T11:32:44Z
Success,N264220004016010,a0j8p000001zStL,Paid,2022-09-23T11:32:44Z
Success,N264220004015755,a0j8p000001zS2n,Paid,2022-09-23T11:32:44Z
Success,N264220004015757,a0j8p000001zhNw,Paid,2022-09-23T11:32:44Z
Success,N264220004016096,a0j8p000001yXm2,Paid,2022-09-23T11:32:44Z
Success,N264220004015931,a0j8p000001zfSO,Paid,2022-09-23T11:32:44Z
Success,N264220004015906,a0j8p000001zZt2,Paid,2022-09-23T11:32:44Z
Success,N264220004016287,a0j8p000001zqXB,Paid,2022-09-23T11:32:44Z
Success,N264220004016184,a0j8p000001zkOb,Paid,2022-09-23T11:32:44Z
Success,N264220004015822,a0j8p000001y4aP,Paid,2022-09-23T11:32:44Z
Success,N264220004016177,a0j8p000001y3x6,Paid,2022-09-23T11:32:44Z
Success,N264220004016043,a0j8p000001zixe,Paid,2022-09-23T11:32:44Z
Success,N264220004015871,a0j8p000001yDNd,Paid,2022-09-23T11:32:44Z
Success,N264220004015816,a0j8p000001zbqQ,Paid,2022-09-23T11:32:44Z
Success,N264220004016187,a0j8p000001zjY5,Paid,2022-09-23T11:32:44Z
Success,N264220004015921,a0j8p000001zVCm,Paid,2022-09-23T11:32:44Z
Success,N264220004016254,a0j8p000001zc3o,Paid,2022-09-23T11:32:44Z
Success,N264220004015748,a0j8p000001zkz9,Paid,2022-09-23T11:32:44Z
Success,N264220004016089,a0j8p000001zkpJ,Paid,2022-09-23T11:32:44Z
Success,N264220004016253,a0j8p000001zuaN,Paid,2022-09-23T11:32:44Z
Success,N264220004015739,a0j8p000001zj4w,Paid,2022-09-23T11:32:44Z
Success,N264220004015966,a0j8p000001zUkz,Paid,2022-09-23T11:32:44Z
Success,N264220004015799,a0j8p000001xv5C,Paid,2022-09-23T11:32:44Z
Success,N264220004015770,a0j8p000001zrHG,Paid,2022-09-23T11:32:44Z
Success,N264220004016208,a0j8p000001zZ69,Paid,2022-09-23T11:32:44Z
Success,N264220004016179,a0j8p000001xvCx,Paid,2022-09-23T11:32:44Z
Success,N264220004015846,a0j8p00000203SH,Paid,2022-09-23T11:32:44Z
Success,N264220004015765,a0j8p000001zovS,Paid,2022-09-23T11:32:44Z
Success,N264220004015958,a0j8p000001zjtR,Paid,2022-09-23T11:32:44Z
Rejected,N264220004015897,a0j8p00000201SS,Account Does Not Exist,2022-09-23T11:32:44Z
Success,N264220004016189,a0j8p000001zSxq,Paid,2022-09-23T11:32:44Z
Success,N264220004015894,a0j8p000001zVsy,Paid,2022-09-23T11:32:44Z
Success,N264220004016235,a0j8p000001zzFF,Paid,2022-09-23T11:32:44Z
Success,N264220004015898,a0j8p00000200c3,Paid,2022-09-23T11:32:44Z
Success,N264220004015875,a0j8p000001yHkC,Paid,2022-09-23T11:32:44Z
Success,N264220004016099,a0j8p000001zVJT,Paid,2022-09-23T11:32:44Z
Success,N264220004015967,a0j8p000001zz40,Paid,2022-09-23T11:32:44Z
Success,N264220004015895,a0j8p000001zV16,Paid,2022-09-23T11:32:44Z
Success,N264220004015954,a0j8p000001x00s,Paid,2022-09-23T11:32:44Z
Success,N264220004015852,a0j8p000001yici,Paid,2022-09-23T11:32:44Z
Success,N264220004016295,a0j8p000001zsNd,Paid,2022-09-23T11:32:44Z
Success,N264220004015850,a0j8p000001yjAg,Paid,2022-09-23T11:32:44Z
Success,N264220004016019,a0j8p000001yg26,Paid,2022-09-23T11:32:44Z
Success,N264220004016234,a0j8p000001yb0v,Paid,2022-09-23T11:32:44Z
Success,N264220004016017,a0j8p000001zhgm,Paid,2022-09-23T11:32:44Z
Success,N264220004016167,a0j8p000001yZWw,Paid,2022-09-23T11:32:44Z
Success,N264220004015876,a0j8p000001yUGJ,Paid,2022-09-23T11:32:44Z
Success,N264220004015970,a0j8p000001zbu3,Paid,2022-09-23T11:32:44Z
Success,N264220004016213,a0j8p000001yHgD,Paid,2022-09-23T11:32:44Z
Success,N264220004015836,a0j8p000001yXDR,Paid,2022-09-23T11:32:44Z
Success,N264220004015976,a0j8p000001zths,Paid,2022-09-23T11:32:44Z
Success,N264220004016109,a0j8p000001y5Kj,Paid,2022-09-23T11:32:44Z
Success,N264220004016036,a0j8p000001zlaW,Paid,2022-09-23T11:32:44Z
Success,N264220004016049,a0j8p000001yDk7,Paid,2022-09-23T11:32:44Z
Success,N264220004016138,a0j8p000001zskj,Paid,2022-09-23T11:32:44Z
Success,N264220004015754,a0j8p000001zSS8,Paid,2022-09-23T11:32:44Z
Success,N264220004016037,a0j8p000001zWMk,Paid,2022-09-23T11:32:44Z
Success,N264220004016165,a0j8p000001x2WF,Paid,2022-09-23T11:32:44Z
Success,N264220004016261,a0j8p000001yhoe,Paid,2022-09-23T11:32:44Z
Success,N264220004016207,a0j8p000001yhtw,Paid,2022-09-23T11:32:44Z
Success,N264220004016091,a0j8p000001yoX3,Paid,2022-09-23T11:32:44Z
Success,N264220004016001,a0j8p000001yi64,Paid,2022-09-23T11:32:44Z
Success,N264220004016112,a0j8p000001yacH,Paid,2022-09-23T11:32:44Z
Success,N264220004015848,a0j8p00000202rr,Paid,2022-09-23T11:32:44Z
Success,N264220004015962,a0j8p00000203vx,Paid,2022-09-23T11:32:44Z
Success,N264220004015743,a0j8p000001zoa4,Paid,2022-09-23T11:32:44Z
Success,N264220004015744,a0j8p000001zp8l,Paid,2022-09-23T11:32:44Z
Success,N264220004016120,a0j8p000001zp2h,Paid,2022-09-23T11:32:44Z
Success,N264220004015844,a0j8p000001zeML,Paid,2022-09-23T11:32:44Z
Success,N264220004015830,a0j8p000001yMnT,Paid,2022-09-23T11:32:44Z
Success,N264220004015956,a0j8p000001yDAS,Paid,2022-09-23T11:32:44Z
Success,N264220004016110,a0j8p000001yCbq,Paid,2022-09-23T11:32:44Z
Rejected,N264220004016123,a0j8p000001zq3x,ACCOUNT NO DOES NOT EXIST,2022-09-23T11:32:44Z
Success,N264220004016151,a0j8p000001yTlo,Paid,2022-09-23T11:32:44Z
Success,N264220004015881,a0j8p000001ySYp,Paid,2022-09-23T11:32:44Z
Success,N264220004016241,a0j8p000001yL56,Paid,2022-09-23T11:32:44Z
Success,N264220004015925,a0j8p00000201q0,Paid,2022-09-23T11:32:44Z
Success,N264220004016204,a0j8p00000202c1,Paid,2022-09-23T11:32:44Z
Success,N264220004016149,a0j8p000001yHFm,Paid,2022-09-23T11:32:44Z
Success,N264220004015984,a0j8p000001ztSu,Paid,2022-09-23T11:32:44Z
Success,N264220004015797,a0j8p000001ztyp,Paid,2022-09-23T11:32:44Z
Success,N264220004016051,a0j8p000001yfob,Paid,2022-09-23T11:32:44Z
Success,N264220004016050,a0j8p000001ydG9,Paid,2022-09-23T11:32:44Z
Success,N264220004016143,a0j8p000001zw8Z,Paid,2022-09-23T11:32:44Z
Success,N264220004016227,a0j8p000001zvwX,Paid,2022-09-23T11:32:44Z
Success,N264220004016057,a0j8p000001yNTP,Paid,2022-09-23T11:32:44Z
Success,N264220004015877,a0j8p000001ySHD,Paid,2022-09-23T11:32:44Z
Success,N264220004015759,a0j8p000001zjKV,Paid,2022-09-23T11:32:44Z
Success,N264220004015819,a0j8p000001zxka,Paid,2022-09-23T11:32:44Z
Success,N264220004015990,a0j8p000001zqJt,Paid,2022-09-23T11:32:44Z
Success,N264220004015903,a0j8p000001yjUL,Paid,2022-09-23T11:32:44Z
Success,N264220004015783,a0j8p000001zZoh,Paid,2022-09-23T11:32:44Z
Success,N264220004016292,a0j8p000001zpYd,Paid,2022-09-23T11:32:44Z
Success,N264220004015813,a0j8p000001zq0I,Paid,2022-09-23T11:32:44Z
Success,N264220004016260,a0j8p000001zkcM,Paid,2022-09-23T11:32:44Z
Success,N264220004015971,a0j8p000001za32,Paid,2022-09-23T11:32:44Z
Success,N264220004016005,a0j8p000001yogn,Paid,2022-09-23T11:32:44Z
Success,N264220004016069,a0j8p000001zcNv,Paid,2022-09-23T11:32:44Z
Success,N264220004015779,a0j8p000001zcCu,Paid,2022-09-23T11:32:44Z
Success,N264220004016193,a0j8p000001zc8A,Paid,2022-09-23T11:32:44Z
Success,N264220004016264,a0j8p000001zsz5,Paid,2022-09-23T11:32:44Z
Success,N264220004015888,a0j8p000001zwvj,Paid,2022-09-23T11:32:44Z
Success,N264220004016070,a0j8p000001zx88,Paid,2022-09-23T11:32:44Z
Success,N264220004016217,a0j8p000001zjLW,Paid,2022-09-23T11:32:44Z
Success,N264220004016073,a0j8p000001zSiE,Paid,2022-09-23T11:32:44Z
Success,N264220004016027,a0j8p000001ykkO,Paid,2022-09-23T11:32:44Z
Success,N264220004016147,a0j8p000001yia0,Paid,2022-09-23T11:32:44Z
Success,N264220004016233,a0j8p000001za1L,Paid,2022-09-23T11:32:44Z
Success,N264220004015987,a0j8p000001zl9i,Paid,2022-09-23T11:32:44Z
Success,N264220004016040,a0j8p000001znka,Paid,2022-09-23T11:32:44Z
Success,N264220004015943,a0j8p000001zTj6,Paid,2022-09-23T11:32:44Z
Success,N264220004015750,a0j8p000001zmGI,Paid,2022-09-23T11:32:44Z
Success,N264220004015780,a0j8p000001zeIn,Paid,2022-09-23T11:32:44Z
Success,N264220004016074,a0j8p000001yUc4,Paid,2022-09-23T11:32:44Z
Success,N264220004016085,a0j8p000001yVJL,Paid,2022-09-23T11:32:44Z
Success,N264220004016283,a0j8p000001yUrk,Paid,2022-09-23T11:32:44Z
Success,N264220004015979,a0j8p000001zptc,Paid,2022-09-23T11:32:44Z
Success,N264220004016016,a0j8p000001zlme,Paid,2022-09-23T11:32:44Z
Success,N264220004016212,a0j8p000001zv3d,Paid,2022-09-23T11:32:44Z
Success,N264220004015851,a0j8p000001yjRe,Paid,2022-09-23T11:32:44Z
Success,N264220004015841,a0j8p000001ztEF,Paid,2022-09-23T11:32:44Z
Success,N264220004015732,a0j8p000001yXQ9,Paid,2022-09-23T11:32:44Z
Success,N264220004016015,a0j8p000001zio0,Paid,2022-09-23T11:32:44Z
Success,N264220004015934,a0j8p000001zck9,Paid,2022-09-23T11:32:44Z
Success,N264220004016129,a0j8p000001ztHc,Paid,2022-09-23T11:32:44Z
Success,N264220004016004,a0j8p000001yobj,Paid,2022-09-23T11:32:44Z
Success,N264220004015880,a0j8p000001ybWN,Paid,2022-09-23T11:32:44Z
Success,N264220004015933,a0j8p000001zeR9,Paid,2022-09-23T11:32:44Z
Success,N264220004015936,a0j8p000001zczA,Paid,2022-09-23T11:32:44Z
Success,N264220004015733,a0j8p000001yLhG,Paid,2022-09-23T11:32:44Z
Success,N264220004015735,a0j8p000001yKnU,Paid,2022-09-23T11:32:44Z
Success,N264220004016117,a0j8p000001yMVD,Paid,2022-09-23T11:32:44Z
Success,N264220004016248,a0j8p000001ydnu,Paid,2022-09-23T11:32:44Z
Success,N264220004016003,a0j8p000001x2ll,Paid,2022-09-23T11:32:44Z
Success,N264220004015806,a0j8p000001zkp5,Paid,2022-09-23T11:32:44Z
Success,N264220004015772,a0j8p000001zrxT,Paid,2022-09-23T11:32:44Z
Success,N264220004015773,a0j8p000001zs69,Paid,2022-09-23T11:32:44Z
Success,N264220004016154,a0j8p000001zkpl,Paid,2022-09-23T11:32:44Z
Success,N264220004016188,a0j8p000001zSm2,Paid,2022-09-23T11:32:44Z
Success,N264220004015741,a0j8p000001zstz,Paid,2022-09-23T11:32:44Z
Success,N264220004016064,a0j8p000001yS7R,Paid,2022-09-23T11:32:44Z
Success,N264220004016080,a0j8p000001u33d,Paid,2022-09-23T11:32:44Z
Success,N264220004016079,a0j8p000001zncG,Paid,2022-09-23T11:32:44Z
Success,N264220004016024,a0j8p000001vAaC,Paid,2022-09-23T11:32:44Z
Success,N264220004015892,a0j8p000001zWT8,Paid,2022-09-23T11:32:44Z
Success,N264220004016198,a0j8p000001zezA,Paid,2022-09-23T11:32:44Z
Success,N264220004016042,a0j8p000001zj9u,Paid,2022-09-23T11:32:44Z
Success,N264220004016045,a0j8p000001zj4P,Paid,2022-09-23T11:32:44Z
Success,N264220004016162,a0j8p000001zSAC,Paid,2022-09-23T11:32:44Z
Success,N264220004016286,a0j8p000001zrSb,Paid,2022-09-23T11:32:44Z
Success,N264220004016178,a0j8p000001zr6z,Paid,2022-09-23T11:32:44Z
Success,N264220004016157,a0j8p000001zS5K,Paid,2022-09-23T11:32:44Z
Success,N264220004016186,a0j8p000001zSOt,Paid,2022-09-23T11:32:44Z
Success,N264220004016223,a0j8p000001zRrn,Paid,2022-09-23T11:32:44Z
Success,N264220004015883,a0j8p000001zRyI,Paid,2022-09-23T11:32:44Z
Success,N264220004016268,a0j8p000001zSJW,Paid,2022-09-23T11:32:44Z
Success,N264220004015837,a0j8p000001yYWs,Paid,2022-09-23T11:32:44Z
Success,N264220004015824,a0j8p000001x4vT,Paid,2022-09-23T11:32:44Z
Success,N264220004015745,a0j8p000001zpEr,Paid,2022-09-23T11:32:44Z
Success,N264220004015845,a0j8p000001zjW8,Paid,2022-09-23T11:32:44Z
Success,N264220004015798,a0j8p000001xvUW,Paid,2022-09-23T11:32:44Z
Success,N264220004016289,a0j8p000001u5Zs,Paid,2022-09-23T11:32:44Z
Rejected,N264220004016285,a0j8p000001zjs0,ANY OTHER REASON,2022-09-23T11:32:44Z
Success,N264220004016131,a0j8p000001zQMj,Paid,2022-09-23T11:32:44Z
Success,N264220004016259,a0j8p000002006L,Paid,2022-09-23T11:32:44Z
Success,N264220004016214,a0j8p000001zzpW,Paid,2022-09-23T11:32:44Z
Success,N264220004016225,a0j8p000001zV1X,Paid,2022-09-23T11:32:44Z
Success,N264220004016169,a0j8p000001ydKx,Paid,2022-09-23T11:32:44Z
Success,N264220004016191,a0j8p000001zQpz,Paid,2022-09-23T11:32:44Z
Success,N264220004016247,a0j8p000001zjQK,Paid,2022-09-23T11:32:44Z
Success,N264220004015896,a0j8p000001zzYZ,Paid,2022-09-23T11:32:44Z
Success,N264220004015968,a0j8p000001zyis,Paid,2022-09-23T11:32:44Z
Success,N264220004015853,a0j8p000001yffl,Paid,2022-09-23T11:32:44Z
Success,N264220004016111,a0j8p000001zrsU,Paid,2022-09-23T11:32:44Z
Success,N264220004016018,a0j8p000001yfAc,Paid,2022-09-23T11:32:44Z
Success,N264220004016034,a0j8p000001ydiS,Paid,2022-09-23T11:32:44Z
Success,N264220004016020,a0j8p000001yiLf,Paid,2022-09-23T11:32:44Z
Success,N264220004016103,a0j8p000001yX9X,Paid,2022-09-23T11:32:44Z
Success,N264220004016280,a0j8p000001yjfZ,Paid,2022-09-23T11:32:44Z
Success,N264220004016106,a0j8p000001x2ax,Paid,2022-09-23T11:32:44Z
Success,N264220004016288,a0j8p000001yRrd,Paid,2022-09-23T11:32:44Z
Success,N264220004015736,a0j8p000001yIYJ,Paid,2022-09-23T11:32:44Z
Success,N264220004016229,a0j8p000001yIrs,Paid,2022-09-23T11:32:44Z
Success,N264220004015737,a0j8p000001yGUB,Paid,2022-09-23T11:32:44Z
Success,N264220004016066,a0j8p000001yYwK,Paid,2022-09-23T11:32:44Z
Success,N264220004016065,a0j8p000001yZtr,Paid,2022-09-23T11:32:44Z
Success,N264220004016220,a0j8p000001znku,Paid,2022-09-23T11:32:44Z
Success,N264220004015840,a0j8p000001zpFV,Paid,2022-09-23T11:32:44Z
Success,N264220004016250,a0j8p000001zksL,Paid,2022-09-23T11:32:44Z
Success,N264220004016118,a0j8p000001zn0j,Paid,2022-09-23T11:32:44Z
Success,N264220004016011,a0j8p000001zTSN,Paid,2022-09-23T11:32:44Z
Success,N264220004016278,a0j8p000001zxVm,Paid,2022-09-23T11:32:44Z
Success,N264220004015932,a0j8p000001zcZX,Paid,2022-09-23T11:32:44Z
Success,N264220004015930,a0j8p000001zfDQ,Paid,2022-09-23T11:32:44Z
Success,N264220004015776,a0j8p000001zsX8,Paid,2022-09-23T11:32:44Z
Success,N264220004015879,a0j8p000001yVbw,Paid,2022-09-23T11:32:44Z
Success,N264220004016100,a0j8p000001ztn1,Paid,2022-09-23T11:32:44Z
Success,N264220004015838,a0j8p000001yZLk,Paid,2022-09-23T11:32:44Z
Success,N264220004015935,a0j8p000001ze2x,Paid,2022-09-23T11:32:44Z
Success,N264220004016175,a0j8p000001zebC,Paid,2022-09-23T11:32:44Z
Success,N264220004016062,a0j8p000001yKJ2,Paid,2022-09-23T11:32:44Z
Success,N264220004015916,a0j8p000001zbFe,Paid,2022-09-23T11:32:44Z
Success,N264220004015842,a0j8p000001zchk,Paid,2022-09-23T11:32:44Z
Success,N264220004016301,a0j8p000001yXad,Paid,2022-09-23T11:32:44Z
Success,N264220004015752,a0j8p000001zYrM,Paid,2022-09-23T11:32:44Z
Success,N264220004016094,a0j8p000001yZ8I,Paid,2022-09-23T11:32:44Z
Success,N264220004016033,a0j8p000001zdSp,Paid,2022-09-23T11:32:44Z
Success,N264220004015854,a0j8p00000201u6,Paid,2022-09-23T11:32:44Z
Success,N264220004015810,a0j8p000001zRtp,Paid,2022-09-23T11:32:44Z
Success,N264220004016237,a0j8p000001zl5O,Paid,2022-09-23T11:32:44Z
Success,N264220004016249,a0j8p000001ztiT,Paid,2022-09-23T11:32:44Z
Success,N264220004016014,a0j8p000001yXvv,Paid,2022-09-23T11:32:44Z
Success,N264220004015975,a0j8p000001zpck,Paid,2022-09-23T11:32:44Z
Success,N264220004016269,a0j8p000001zPHC,Paid,2022-09-23T11:32:44Z
Success,N264220004015939,a0j8p000001zzaH,Paid,2022-09-23T11:32:44Z
Success,N264220004016231,a0j8p000001zloX,Paid,2022-09-23T11:32:44Z
Success,N264220004016185,a0j8p000001zkDt,Paid,2022-09-23T11:32:44Z
Success,N264220004015872,a0j8p000001yCdw,Paid,2022-09-23T11:32:44Z
Success,N264220004016035,a0j8p000001zcBl,Paid,2022-09-23T11:32:44Z
Success,N264220004016038,a0j8p000001zWwv,Paid,2022-09-23T11:32:44Z
Success,N264220004015965,a0j8p000001zqW7,Paid,2022-09-23T11:32:44Z
Success,N264220004016056,a0j8p000001yFtN,Paid,2022-09-23T11:32:44Z
Success,N264220004016002,a0j8p000001zkb6,Paid,2022-09-23T11:32:44Z
Success,N264220004016087,a0j8p000001zRPO,Paid,2022-09-23T11:32:44Z
Success,N264220004016053,a0j8p000001ybL7,Paid,2022-09-23T11:32:44Z
Success,N264220004016007,a0j8p000001zx2q,Paid,2022-09-23T11:32:44Z
Success,N264220004015886,a0j8p000001zx47,Paid,2022-09-23T11:32:44Z
Success,N264220004016082,a0j8p000001yWJf,Paid,2022-09-23T11:32:44Z
Success,N264220004016075,a0j8p000001zSba,Paid,2022-09-23T11:32:44Z
Success,N264220004016086,a0j8p000001zoMr,Paid,2022-09-23T11:32:44Z
Success,N264220004016158,a0j8p00000200kE,Paid,2022-09-23T11:32:44Z
Success,N264220004016021,a0j8p000001yhrS,Paid,2022-09-23T11:32:44Z
Success,N264220004016200,a0j8p000001zZSQ,Paid,2022-09-23T11:32:44Z
Success,N264220004016006,a0j8p000001znSO,Paid,2022-09-23T11:32:44Z
Success,N264220004016245,a0j8p000001ztJ9,Paid,2022-09-23T11:32:44Z
Success,N264220004015902,a0j8p000001yf43,Paid,2022-09-23T11:32:44Z
Success,N264220004016132,a0j8p000001zQVR,Paid,2022-09-23T11:32:44Z
Success,N264220004016039,a0j8p000001zW0z,Paid,2022-09-23T11:32:44Z
Success,N264220004016046,a0j8p000001yD08,Paid,2022-09-23T11:32:44Z
Success,N264220004015728,a0j8p000001yae1,Paid,2022-09-23T11:32:44Z
Success,N264220004015730,a0j8p000001yYJW,Paid,2022-09-23T11:32:44Z
Success,N264220004015899,a0j8p000001yaAn,Paid,2022-09-23T11:32:44Z
Success,N264220004016239,a0j8p000001zYsX,Paid,2022-09-23T11:32:44Z
Success,N264220004015873,a0j8p000001yDoa,Paid,2022-09-23T11:32:44Z
Success,N264220004015870,a0j8p000001yKgy,Paid,2022-09-23T11:32:44Z
Success,N264220004016022,a0j8p000001vA3g,Paid,2022-09-23T11:32:44Z
Success,N264220004016023,a0j8p000001uzg1,Paid,2022-09-23T11:32:44Z
Success,N264220004016197,a0j8p00000204ii,Paid,2022-09-23T11:32:44Z
Success,N264220004015763,a0j8p000001zoBE,Paid,2022-09-23T11:32:44Z
Success,N264220004015864,a0j8p000001v2n0,Paid,2022-09-23T11:32:44Z
Success,N264220004015924,a0j8p00000204UJ,Paid,2022-09-23T11:32:44Z
Success,N264220004015923,a0j8p0000020453,Paid,2022-09-23T11:32:44Z
Success,N264220004015859,a0j8p000001zZ4k,Paid,2022-09-23T11:32:44Z
Success,N264220004015809,a0j8p000001zS3l,Paid,2022-09-23T11:32:44Z
Success,N264220004015751,a0j8p000001zY15,Paid,2022-09-23T11:32:44Z
Success,N264220004016058,a0j8p000001yTot,Paid,2022-09-23T11:32:44Z
Success,N264220004016166,a0j8p000001yCLF,Paid,2022-09-23T11:32:44Z
Success,N264220004015775,a0j8p000001zsE0,Paid,2022-09-23T11:32:44Z
Success,N264220004016232,a0j8p000001ygnr,Paid,2022-09-23T11:32:44Z
Success,N264220004016078,a0j8p000001yYAQ,Paid,2022-09-23T11:32:44Z
Success,N264220004016284,a0j8p000001zssc,Paid,2022-09-23T11:32:44Z
Success,N264220004016093,a0j8p000001yT35,Paid,2022-09-23T11:32:44Z
Success,N264220004016068,a0j8p000001zc2M,Paid,2022-09-23T11:32:44Z
Success,N264220004015740,a0j8p000001zihj,Paid,2022-09-23T11:32:44Z
Success,N264220004016052,a0j8p000001yK6n,Paid,2022-09-23T11:32:44Z
Success,N264220004015785,a0j8p000001zkXI,Paid,2022-09-23T11:32:44Z
Success,N264220004016256,a0j8p000001ygNN,Paid,2022-09-23T11:32:44Z
Success,N264220004015729,a0j8p000001yaUs,Paid,2022-09-23T11:32:44Z
Success,N264220004015878,a0j8p000001yW2p,Paid,2022-09-23T11:32:44Z
Success,N264220004016144,a0j8p000002098b,Paid,2022-09-23T11:32:44Z
Success,N264220004016104,a0j8p000001zvWK,Paid,2022-09-23T11:32:44Z
Success,N264220004016145,a0j8p000001yFf7,Paid,2022-09-23T11:32:44Z
Success,N264220004016155,a0j8p000001zjDj,Paid,2022-09-23T11:32:44Z
Success,N264220004016092,a0j8p000001zxCI,Paid,2022-09-23T11:32:44Z
Success,N264220004015820,a0j8p000001zy2k,Paid,2022-09-23T11:32:44Z
Success,N264220004015769,a0j8p000001zqNN,Paid,2022-09-23T11:32:44Z
Success,N264220004015747,a0j8p000001zrix,Paid,2022-09-23T11:32:44Z
Success,N264220004015782,a0j8p000001za4d,Paid,2022-09-23T11:32:44Z
Success,N264220004015781,a0j8p000001zZvj,Paid,2022-09-23T11:32:44Z
Success,N264220004016128,a0j8p000001ybi5,Paid,2022-09-23T11:32:44Z
Success,N264220004015994,a0j8p000001zqIi,Paid,2022-09-23T11:32:44Z
Success,N264220004016000,a0j8p000001zeUn,Paid,2022-09-23T11:32:44Z
Success,N264220004015808,a0j8p000001yomE,Paid,2022-09-23T11:32:44Z
Success,N264220004016270,a0j8p000001zipD,Paid,2022-09-23T11:32:44Z
Success,N264220004015778,a0j8p000001zcJM,Paid,2022-09-23T11:32:44Z
Success,N264220004016067,a0j8p000001zQ60,Paid,2022-09-23T11:32:44Z
Success,N264220004016219,a0j8p000001ztDS,Paid,2022-09-23T11:32:44Z
Success,N264220004015887,a0j8p000001zwsf,Paid,2022-09-23T11:32:44Z
Success,N264220004016071,a0j8p000001zx0H,Paid,2022-09-23T11:32:44Z
Success,N264220004015885,a0j8p000001zt3m,Paid,2022-09-23T11:32:44Z
Success,N264220004016168,a0j8p000001zxV1,Paid,2022-09-23T11:32:44Z
Success,N264220004015884,a0j8p000001zSta,Paid,2022-09-23T11:32:44Z
Success,N264220004016030,a0j8p000001zL7S,Paid,2022-09-23T11:32:44Z
Success,N264220004015985,a0j8p000001zqP8,Paid,2022-09-23T11:32:44Z
Success,N264220004015800,a0j8p000001zm2P,Paid,2022-09-23T11:32:44Z
Success,N264220004015989,a0j8p000001zi9j,Paid,2022-09-23T11:32:44Z
Success,N264220004016173,a0j8p000001zUoV,Paid,2022-09-23T11:32:44Z
Success,N264220004016251,a0j8p000001zluv,Paid,2022-09-23T11:32:44Z
Success,N264220004015998,a0j8p000001zeAf,Paid,2022-09-23T11:32:44Z
Success,N264220004015829,a0j8p000001xEdq,Paid,2022-09-23T11:32:44Z
Success,N264220004016116,a0j8p000001yWDJ,Paid,2022-09-23T11:32:44Z
Success,N264220004016265,a0j8p000001yV5y,Paid,2022-09-23T11:32:44Z
Success,N264220004016055,a0j8p000001yJIf,Paid,2022-09-23T11:32:44Z
Success,N264220004016303,a0j8p000001zqZH,Paid,2022-09-23T11:32:44Z
Success,N264220004016048,a0j8p000001yCoX,Paid,2022-09-23T11:32:44Z
Success,N264220004015796,a0j8p000001zqjm,Paid,2022-09-23T11:32:44Z
Success,N264220004016205,a0j8p000001zpU8,Paid,2022-09-23T11:32:44Z
Success,N264220004015835,a0j8p000001yBui,Paid,2022-09-23T11:32:44Z
Success,N264220004015955,a0j8p000001y9OZ,Paid,2022-09-23T11:32:44Z
Success,N264220004015831,a0j8p000001y9hM,Paid,2022-09-23T11:32:44Z
Success,N264220004015795,a0j8p000001zpCC,Paid,2022-09-23T11:32:44Z
Success,N264220004016047,a0j8p000001yFP0,Paid,2022-09-23T11:32:44Z
Success,N264220004016090,a0j8p000001zqFQ,Paid,2022-09-23T11:32:44Z
Success,N264220004016297,a0j8p000001yW4h,Paid,2022-09-23T11:32:44Z
Success,N264220004015760,a0j8p000001zitD,Paid,2022-09-23T11:32:44Z
Success,N264220004016119,a0j8p000001zizK,Paid,2022-09-23T11:32:44Z
Success,N264220004016059,a0j8p000001yZ5H,Paid,2022-09-23T11:32:44Z
Success,N264220004016061,a0j8p000001yZIN,Paid,2022-09-23T11:32:44Z
Success,N264220004016121,a0j8p000001zs2Y,Paid,2022-09-23T11:32:44Z
Success,N264220004015901,a0j8p000001vA44,Paid,2022-09-23T11:32:44Z
Success,N264220004015812,a0j8p000001zR08,Paid,2022-09-23T11:32:44Z
Success,N264220004016199,a0j8p000001zsEJ,Paid,2022-09-23T11:32:44Z
Success,N264220004015941,a0j8p000001zsV5,Paid,2022-09-23T11:32:44Z
Success,N264220004016139,a0j8p000001zsbR,Paid,2022-09-23T11:32:44Z
Success,N264220004015843,a0j8p000001zgrl,Paid,2022-09-23T11:32:44Z
Success,N264220004015937,a0j8p000001u4nR,Paid,2022-09-23T11:32:44Z
Success,N264220004016209,a0j8p000001yh70,Paid,2022-09-23T11:32:44Z
Success,N264220004016060,a0j8p000001yHSC,Paid,2022-09-23T11:32:44Z
